"ID","Description","GeneRatio","BgRatio","RichFactor","FoldEnrichment","zScore","pvalue","p.adjust","qvalue","geneID","Count","gene_symbols"
"R-MMU-198933","Immunoregulatory interactions between a Lymphoid and a non-Lymphoid cell","44/1104","94/8731",0.468085106382979,3.70185784767191,10.0198160415569,3.31845479617271e-16,3.03638613849803e-13,2.77352958753803e-13,"16414/12502/30925/14991/21939/68713/66141/20343/14130/20612/27007/83382/22177/16408/21947/12501/12500/217303/15015/54215/233186/58217/140497/217306/270152/224840/12526/379043/12525/52855/15039/246256/15018/12010/14972/217304/23900/15040/15007/328833/110557/15006/271375/15013",44,"Itgb2,Cd3g,Slamf6,H2-M3,Cd40,Ifitm1,Ifitm3,Sell,Fcgr2b,Siglec1,Klrk1,Siglece,Tyrobp,Itgal,Cd40lg,Cd3e,Cd3d,Cd300a,H2-Q4,Cd160,Siglecf,Trem1,Cd300c2,Cd300e,Jaml,Treml4,Cd8b1,Raet1e,Cd8a,Lair1,H2-T22,Fcgr4,H2-Q7,B2m,H2-K1,Cd300lb,Hcst,H2-T23,H2-Q10,Treml2,H2-Q6,H2-Q1,Cd200r2,H2-Q2"
"R-MMU-397014","Muscle contraction","58/1104","152/8731",0.381578947368421,3.01772263539283,9.54728114002348,7.44576745540741e-16,3.40643861084889e-13,3.11154703136499e-13,"108017/53419/59310/50874/11474/98660/27222/12372/21393/56808/17906/21925/76757/17898/54377/12295/17883/74571/12322/17996/54195/21916/230103/18125/20928/20190/17907/11937/21953/320707/11459/50876/22003/72258/60596/56188/57780/223604/18821/233199/17888/232975/13405/16493/11472/17885/104158/20192/11468/17897/21957/17901/21955/11464/54378/110893/66240/16514",58,"Fxyd4,Corin,Myl10,Tmod4,Actn3,Atp1a2,Atp1a4,Casq1,Tcap,Cacna2d2,Myl2,Tnnc2,Trdn,Myl7,Cacng4,Cacnb1,Myh3,Kcnk16,Camk2a,Neb,Gucy1b1,Tmod1,Npr2,Nos1,Abcc9,Ryr1,Mylpf,Atp2a1,Tnni2,Atp2b3,Acta1,Tmod2,Tpm1,Kcnk10,Gucy1a1,Fxyd1,Fxyd7,Kcnk9,Pln,Mybpc2,Myh6,Atp1a3,Dmd,Kcna5,Actn2,Myh8,Ces1d,Ryr3,Actg2,Myl3,Tnnt3,Myl1,Tnnt1,Actc1,Cacng6,Slc8a3,Kcne5,Kcnj11"
"R-MMU-390522","Striated Muscle Contraction","22/1104","32/8731",0.6875,5.43710371376812,9.56653553894881,2.64576430268999e-13,8.06958112320446e-11,7.37100651345912e-11,"50874/11474/21393/17906/21925/17883/17996/21916/21953/11459/50876/22003/233199/17888/13405/11472/17885/17897/21957/17901/21955/11464",22,"Tmod4,Actn3,Tcap,Myl2,Tnnc2,Myh3,Neb,Tmod1,Tnni2,Acta1,Tmod2,Tpm1,Mybpc2,Myh6,Dmd,Actn2,Myh8,Myl3,Tnnt3,Myl1,Tnnt1,Actc1"
"R-MMU-380108","Chemokine receptors bind chemokines","27/1104","53/8731",0.509433962264151,4.02886587366694,8.4143958502819,1.53042066290216e-11,3.5008372663887e-09,3.1977737009061e-09,"20302/20303/20290/55985/20297/12765/16963/20311/330122/14825/17329/12769/20295/15945/20304/20293/12771/12775/12776/54199/12767/12145/227288/12766/20310/24047/12774",27,"Ccl3,Ccl4,Ccl1,Cxcl13,Ccl20,Cxcr2,Xcl1,Cxcl5,Cxcl3,Cxcl1,Cxcl9,Ccr9,Ccl17,Cxcl10,Ccl5,Ccl12,Ccr3,Ccr7,Ccr8,Ccrl2,Cxcr4,Cxcr5,Cxcr1,Cxcr3,Cxcl2,Ccl19,Ccr5"
"R-MMU-375276","Peptide ligand-binding receptors","53/1104","185/8731",0.286486486486487,2.26568253035644,6.61978662498563,3.73920800844605e-09,6.84275065545627e-07,6.25038138674982e-07,"20302/217212/19064/20305/20303/20308/67405/18217/20290/55985/225642/14419/20297/12765/16963/13616/18389/56183/20311/330122/14825/17329/12769/50501/12426/14829/20295/12424/381489/15945/20304/20293/12771/11998/12775/12267/12776/227717/54199/212108/12767/14293/12145/19065/227288/18430/58182/12766/14289/20310/24047/319430/12774",53,"Ccl3,Pyy,Ppy,Ccl6,Ccl4,Ccl9,Nts,Ntsr2,Ccl1,Cxcl13,Grp,Gal,Ccl20,Cxcr2,Xcl1,Edn3,Oprl1,Nmu,Cxcl5,Cxcl3,Cxcl1,Cxcl9,Ccr9,Prok2,Cckbr,Grpr,Ccl17,Cck,Rxfp1,Cxcl10,Ccl5,Ccl12,Ccr3,Avp,Ccr7,C3ar1,Ccr8,Qrfp,Ccrl2,Rln3,Cxcr4,Fpr1,Cxcr5,Npy4r,Cxcr1,Oxtr,Prokr1,Cxcr3,Fpr2,Cxcl2,Ccl19,C5ar2,Ccr5"
"R-MMU-2172127","DAP12 interactions","25/1104","57/8731",0.43859649122807,3.46864670734808,7.11379663980499,4.79066063670387e-09,7.30575747097341e-07,6.67330622025066e-07,"16818/16822/14991/20963/27007/16643/16641/22177/16797/58179/15015/58217/217306/16642/15039/15018/12010/14972/217304/15040/15007/110557/381484/15006/15013",25,"Lck,Lcp2,H2-M3,Syk,Klrk1,Klrd1,Klrc1,Tyrobp,Lat,Klrc3,H2-Q4,Trem1,Cd300e,Klrc2,H2-T22,H2-Q7,B2m,H2-K1,Cd300lb,H2-T23,H2-Q10,H2-Q6,Gm5150,H2-Q1,H2-Q2"
"R-MMU-1474244","Extracellular matrix organization","65/1104","263/8731",0.247148288973384,1.95457582520527,5.98015811025747,4.28602584119939e-08,5.60244806385349e-06,5.11745040287567e-06,"13497/16414/21857/20391/12032/12505/17394/240913/73368/64706/22370/22288/12818/240047/246707/13527/12815/24087/58223/11501/12836/12839/241226/14161/21923/20750/15891/13406/50530/16651/23993/16408/94216/12830/11459/269132/81877/24053/14563/170725/13040/268935/108075/76293/83995/330119/245026/13405/17384/17381/17386/280635/67374/72902/77018/11468/16619/16612/12829/12338/11464/69700/12335/12828/16621",65,"Drp2,Itgb2,Timp1,Sgca,Bcan,Cd44,Mmp8,Adamts4,Col20a1,Scube1,Vtn,Utrn,Col14a1,Mmp25,Emilin2,Dtna,Col11a2,Tll2,Mmp19,Adam8,Col7a1,Col9a1,Itga8,Fga,Tnc,Spp1,Ibsp,Dmp1,Mfap5,Sspn,Klk7,Itgal,Col4a6,Col4a5,Acta1,Colgalt2,Tnxb,Sgcg,Gdf5,Capn8,Ctss,Scube3,Ltbp4,Mfap4,Mmp1a,Adamts3,Col6a6,Dmd,Mmp10,Mmp12,Mmp13,Emilin3,Jam2,Spock3,Col25a1,Actg2,Klk1b27,Klk1,Col4a4,Capn6,Actc1,Col22a1,Capn3,Col4a3,Klkb1"
"R-MMU-500792","GPCR ligand binding","87/1104","392/8731",0.221938775510204,1.75520602262644,5.82058018720769,5.3150463999441e-08,6.07908431993606e-06,5.55282479152054e-06,"108072/20302/12922/22355/217212/19064/20305/20303/20308/14816/67405/18217/20290/22095/56696/13488/30044/14744/55985/225642/15566/14419/213527/20297/12765/319229/16963/13616/18389/20132/83770/56183/20311/330122/14825/17329/12769/50501/12426/14829/20295/14697/22354/12424/70086/381489/15945/20304/20293/12771/216152/140795/11998/12775/20287/12267/12776/11539/227717/54199/83428/212108/11553/12767/14293/12145/387353/19065/227288/18430/58182/15551/227326/171530/12766/110168/78826/14289/223780/387512/19204/20310/268934/14709/24047/319430/12774",87,"Grm6,Ccl3,Crhr2,Vipr2,Pyy,Ppy,Ccl6,Ccl4,Ccl9,Grm1,Nts,Ntsr2,Ccl1,Tshr,Gpr132,Drd1,Opn4,Gpr65,Cxcl13,Grp,Htr7,Gal,Pth2r,Ccl20,Cxcr2,Sctr,Xcl1,Edn3,Oprl1,Rrh,Tas1r2,Nmu,Cxcl5,Cxcl3,Cxcl1,Cxcl9,Ccr9,Prok2,Cckbr,Grpr,Ccl17,Gnb5,Vipr1,Cck,Cysltr2,Rxfp1,Cxcl10,Ccl5,Ccl12,Ccr3,Plppr3,P2ry14,Avp,Ccr7,Sct,C3ar1,Ccr8,Adora1,Qrfp,Ccrl2,Ucn3,Rln3,Adra2c,Cxcr4,Fpr1,Cxcr5,Tas2r126,Npy4r,Cxcr1,Oxtr,Prokr1,Htr1b,Gpr55,Ucn2,Cxcr3,Gpr18,P2ry10,Fpr2,Adm2,Tas2r135,Ptafr,Cxcl2,Grm4,Gng8,Ccl19,C5ar2,Ccr5"
"R-MMU-373076","Class A/1 (Rhodopsin-like receptors)","70/1104","305/8731",0.229508196721311,1.81506889997624,5.51249616081006,2.94834767715318e-07,2.99748680510574e-05,2.73799772591769e-05,"20302/217212/19064/20305/20303/20308/67405/18217/20290/22095/56696/13488/30044/14744/55985/225642/15566/14419/20297/12765/16963/13616/18389/20132/56183/20311/330122/14825/17329/12769/50501/12426/14829/20295/12424/70086/381489/15945/20304/20293/12771/216152/140795/11998/12775/12267/12776/11539/227717/54199/212108/11553/12767/14293/12145/19065/227288/18430/58182/15551/227326/12766/110168/78826/14289/19204/20310/24047/319430/12774",70,"Ccl3,Pyy,Ppy,Ccl6,Ccl4,Ccl9,Nts,Ntsr2,Ccl1,Tshr,Gpr132,Drd1,Opn4,Gpr65,Cxcl13,Grp,Htr7,Gal,Ccl20,Cxcr2,Xcl1,Edn3,Oprl1,Rrh,Nmu,Cxcl5,Cxcl3,Cxcl1,Cxcl9,Ccr9,Prok2,Cckbr,Grpr,Ccl17,Cck,Cysltr2,Rxfp1,Cxcl10,Ccl5,Ccl12,Ccr3,Plppr3,P2ry14,Avp,Ccr7,C3ar1,Ccr8,Adora1,Qrfp,Ccrl2,Rln3,Adra2c,Cxcr4,Fpr1,Cxcr5,Npy4r,Cxcr1,Oxtr,Prokr1,Htr1b,Gpr55,Cxcr3,Gpr18,P2ry10,Fpr2,Ptafr,Cxcl2,Ccl19,C5ar2,Ccr5"
"R-MMU-112316","Neuronal System","70/1104","320/8731",0.21875,1.72998754528985,5.06152525887243,1.94737531678986e-06,0.000171412521932511,0.00015657353168181,"14395/140493/53623/12287/11515/14401/56808/14394/11448/12298/14816/14406/14799/54377/14813/12295/15165/67498/58234/14409/74571/20112/12322/20510/236915/11447/11435/11438/226922/14397/67111/14412/14812/16523/20928/243616/232333/14396/234214/55991/110637/14697/72258/207777/12286/108015/380728/20979/223604/16494/16495/242443/20927/16490/16493/245446/272381/16485/16500/16517/11472/140492/406218/16502/18213/74342/16531/14709/14415/16514",70,"Gabra2,Kcnn3,Gria3,Cacna1b,Adcy9,Gabrb2,Cacna2d2,Gabra1,Chrne,Cacnb4,Grm1,Gabrg2,Gria1,Cacng4,Grin2c,Cacnb1,Hcn1,Kcnv1,Shank3,Gabrr2,Kcnk16,Rps6ka2,Camk2a,Slc1a1,Arhgef9,Chrnd,Chrna1,Chrna4,Kcnq5,Gabra4,Naaa,Slc6a13,Grin2b,Kcnj8,Abcc9,Slc6a11,Slc6a1,Gabra3,Sorbs2,Panx1,Grik4,Gnb5,Kcnk10,Tspoap1,Cacna1a,Chrnb4,Kcnh4,Syt1,Kcnk9,Kcna6,Kcna7,Grin3a,Abcc8,Kcna2,Kcna5,Slitrk4,Lrrc4b,Kcna1,Kcnb1,Kcnj16,Actn2,Kcnn2,Panx2,Kcnc1,Ntrk3,Lrrtm1,Kcnma1,Gng8,Gad1,Kcnj11"
"R-MMU-5576891","Cardiac conduction","30/1104","98/8731",0.306122448979592,2.42097382431233,5.38186786276208,2.060696984981e-06,0.000171412521932511,0.00015657353168181,"108017/53419/98660/27222/12372/56808/76757/54377/12295/74571/12322/230103/18125/20928/20190/11937/320707/72258/56188/57780/223604/18821/232975/16493/104158/20192/54378/110893/66240/16514",30,"Fxyd4,Corin,Atp1a2,Atp1a4,Casq1,Cacna2d2,Trdn,Cacng4,Cacnb1,Kcnk16,Camk2a,Npr2,Nos1,Abcc9,Ryr1,Atp2a1,Atp2b3,Kcnk10,Fxyd1,Fxyd7,Kcnk9,Pln,Atp1a3,Kcna5,Ces1d,Ryr3,Cacng6,Slc8a3,Kcne5,Kcnj11"
"R-MMU-202433","Generation of second messenger molecules","11/1104","19/8731",0.578947368421053,4.57861365369947,5.94083467911898,3.6113389149343e-06,0.00027536459226374,0.000251526587584021,"16818/12502/16822/16428/23880/12504/22637/16797/12501/12500/630146",11,"Lck,Cd3g,Lcp2,Itk,Fyb1,Cd4,Zap70,Lat,Cd3e,Cd3d,Cd101"
"R-MMU-6809371","Formation of the cornified envelope","26/1104","85/8731",0.305882352941176,2.41907502131287,5.0017500855742,9.9323637182257e-06,0.000678202802956765,0.000619491545064908,"12365/16669/16673/20862/109052/13506/70166/16667/386463/20129/16663/16680/69511/317653/16664/16670/16678/99681/16666/626834/16665/16687/268885/259277/406223/77055",26,"Casp14,Krt19,Krt36,Stfa2,Krt75,Dsc2,Lipn,Krt17,Cdsn,Rptn,Krt13,Krt84,Klk12,Klk14,Krt14,Krt32,Krt1,Tchh,Krt16,Klk13,Krt15,Krt6a,Stfa2l1,Klk8,Gm5414,Krt76"
"R-MMU-1236974","ER-Phagosome pathway","18/1104","48/8731",0.375,2.96569293478261,5.19536638692149,1.03768734878631e-05,0.000678202802956765,0.000619491545064908,"14991/21356/16913/21355/19171/15015/21354/15039/15018/12010/14972/15040/15007/110557/621823/15006/15013/16912",18,"H2-M3,Tapbp,Psmb8,Tap2,Psmb10,H2-Q4,Tap1,H2-T22,H2-Q7,B2m,H2-K1,H2-T23,H2-Q10,H2-Q6,Psme2b,H2-Q1,H2-Q2,Psmb9"
"R-MMU-1236975","Antigen processing-Cross presentation","25/1104","81/8731",0.308641975308642,2.4408995348005,4.95658938205908,1.23125188837142e-05,0.000710186097783491,0.000648706081840773,"13057/13058/14129/17969/14991/21356/16913/21355/17970/17533/19171/15015/21354/15039/15018/12010/14972/15040/15007/17972/110557/621823/15006/15013/16912",25,"Cyba,Cybb,Fcgr1,Ncf1,H2-M3,Tapbp,Psmb8,Tap2,Ncf2,Mrc1,Psmb10,H2-Q4,Tap1,H2-T22,H2-Q7,B2m,H2-K1,H2-T23,H2-Q10,Ncf4,H2-Q6,Psme2b,H2-Q1,H2-Q2,Psmb9"
"R-MMU-1280215","Cytokine Signaling in Immune system","89/1104","456/8731",0.195175438596491,1.5435477847699,4.53576907420142,1.24185547153397e-05,0.000710186097783491,0.000648706081840773,"16818/16189/67951/16391/13608/15162/16160/16192/50930/57916/329244/16153/21939/16187/12981/67603/16163/14281/20963/21943/20491/12504/17858/20112/19106/53603/16994/21926/12322/77125/16193/12362/16174/16182/93672/22164/16184/56791/16176/16175/77799/99899/21938/21941/21942/24110/21940/60504/16190/21947/16165/16186/16154/74153/14087/20203/22324/100038882/12703/12985/15061/18707/230073/231655/17096/246779/215274/12702/15978/16367/18413/330496/338374/22152/20849/24014/112419/72049/16185/360198/319150/319148/16068/12983/12984/434341/97908/319152/319153",89,"Lck,Il4,Tubb6,Irf9,Edar,Hck,Il12b,Il5ra,Tnfsf14,Tnfrsf13b,Il19,Il10,Cd40,Il3,Csf2,Dusp6,Il13,Fos,Syk,Tnfsf11,Sla,Cd4,Mx2,Rps6ka2,Eif2ak2,Tslp,Ltb,Tnf,Camk2a,Il33,Il6,Casp1,Il18rap,Il18r1,Il24,Tnfsf4,Il2ra,Ube2l6,Il1b,Il1a,Sla2,Ifi44,Tnfrsf1b,Tnfrsf8,Tnfrsf9,Usp18,Cd27,Il21r,Il4ra,Cd40lg,Il13ra2,Il2rg,Il10ra,Uba7,Fanca,S100b,Vav1,Isg15,Socs1,Csf3,Ifi44l,Pik3cd,Rigi,Oasl1,Lyn,Il27,Il1f10,Socs3,Ifng,Irs1,Osm,Ifnl2,Ifnl3,Tubb3,Stat4,Rnasel,Ifit1bl2,Tnfrsf13c,Il2rb,H3c1,H3c2,H3c3,Il18bp,Csf2rb,Csf2rb2,Nlrc5,H3c8,H3c10,H3c11"
"R-MMU-5173214","O-glycosylation of TSR domain-containing proteins","14/1104","33/8731",0.424242424242424,3.35512736056214,5.15675444375529,1.94848903230907e-05,0.00104874556738988,0.000957956836937089,"240913/229595/223838/224697/207596/330267/226866/210417/330119/239337/271127/20357/77739/269959",14,"Adamts4,Adamtsl4,Adamts20,Adamts10,Thsd4,Thsd7a,Sbspon,Thsd7b,Adamts3,Adamts12,Adamts16,Sema5b,Adamtsl1,Adamtsl3"
"R-MMU-1236977","Endosomal/Vacuolar pathway","11/1104","22/8731",0.5,3.95425724637681,5.27825405422046,2.34426578608388e-05,0.00119166844125931,0.00108850703751497,"14991/15015/15039/15018/12010/14972/15040/15007/110557/15006/15013",11,"H2-M3,H2-Q4,H2-T22,H2-Q7,B2m,H2-K1,H2-T23,H2-Q10,H2-Q6,H2-Q1,H2-Q2"
"R-MMU-983170","Antigen Presentation: Folding, assembly and peptide loading of class I MHC","15/1104","38/8731",0.394736842105263,3.12178203661327,4.98680644538321,2.78147402002899e-05,0.00133949933069817,0.00122354037224544,"14991/80898/21356/21355/15015/21354/15039/15018/12010/14972/15040/15007/110557/15006/15013",15,"H2-M3,Erap1,Tapbp,Tap2,H2-Q4,Tap1,H2-T22,H2-Q7,B2m,H2-K1,H2-T23,H2-Q10,H2-Q6,H2-Q1,H2-Q2"
"R-MMU-5578775","Ion homeostasis","18/1104","52/8731",0.346153846153846,2.7375627090301,4.78103695206864,3.68607969244862e-05,0.00168638145929524,0.00154039330305484,"108017/98660/27222/12372/76757/12322/18125/20928/20190/11937/320707/56188/57780/18821/232975/20192/110893/16514",18,"Fxyd4,Atp1a2,Atp1a4,Casq1,Trdn,Camk2a,Nos1,Abcc9,Ryr1,Atp2a1,Atp2b3,Fxyd1,Fxyd7,Pln,Atp1a3,Ryr3,Slc8a3,Kcnj11"
"R-MMU-2173782","Binding and Uptake of Ligands by Scavenger Receptors","14/1104","35/8731",0.4,3.16340579710145,4.87895745579098,4.32005771017473e-05,0.00181352069951258,0.00165652624148748,"75761/20288/17167/11699/15439/192188/71693/108956/328561/239552/223672/71898/626615/328563",14,"Apol7a,Msr1,Marco,Ambp,Hp,Stab2,Colec11,Apol7c,Apol10b,Apol8,Apol9a,Apol9b,Apol11a,Apol11b"
"R-MMU-2029481","FCGR activation","8/1104","13/8731",0.615384615384615,4.86677814938685,5.30795564325393,4.55857662172562e-05,0.00181352069951258,0.00165652624148748,"12502/15162/14129/20963/14130/14191/17096/246256",8,"Cd3g,Hck,Fcgr1,Syk,Fcgr2b,Fgr,Lyn,Fcgr4"
"R-MMU-389948","Co-inhibition by PD-1","8/1104","13/8731",0.615384615384615,4.86677814938685,5.30795564325393,4.55857662172562e-05,0.00181352069951258,0.00165652624148748,"16818/12502/60533/58205/12504/18566/12501/12500",8,"Lck,Cd3g,Cd274,Pdcd1lg2,Cd4,Pdcd1,Cd3e,Cd3d"
"R-MMU-1474228","Degradation of the extracellular matrix","32/1104","124/8731",0.258064516129032,2.0409069658719,4.44131566240031,4.78515857854227e-05,0.00182434170806924,0.00166641048743972,"21857/12032/12505/17394/240913/64706/240047/12815/58223/11501/12836/20750/23993/94216/12830/170725/13040/268935/83995/245026/17384/17381/17386/72902/77018/16619/16612/12829/12338/12335/12828/16621",32,"Timp1,Bcan,Cd44,Mmp8,Adamts4,Scube1,Mmp25,Col11a2,Mmp19,Adam8,Col7a1,Spp1,Klk7,Col4a6,Col4a5,Capn8,Ctss,Scube3,Mmp1a,Col6a6,Mmp10,Mmp12,Mmp13,Spock3,Col25a1,Klk1b27,Klk1,Col4a4,Capn6,Capn3,Col4a3,Klkb1"
"R-MMU-381426","Regulation of Insulin-like Growth Factor (IGF) transport and uptake by Insulin-like Growth Factor Binding Proteins (IGFBPs)","31/1104","119/8731",0.260504201680672,2.06020125441481,4.43021261306256,5.14861858942999e-05,0.00188439440373138,0.00172126448842417,"64654/21857/75761/15160/30060/11625/16012/16193/16011/14067/66557/14161/21923/11698/20750/13406/13602/16425/381677/15464/77583/108956/16002/328561/14734/239552/223672/217847/71898/626615/328563",31,"Fgf23,Timp1,Apol7a,Serpind1,Meltf,Ahsg,Igfbp6,Il6,Igfbp5,F5,Bpifb2,Fga,Tnc,Ambn,Spp1,Dmp1,Sparcl1,Itih2,Vgf,Hrc,Notum,Apol7c,Igf2,Apol10b,Gpc3,Apol8,Apol9a,Serpina10,Apol9b,Apol11a,Apol11b"
"R-MMU-8957275","Post-translational protein phosphorylation","29/1104","113/8731",0.256637168141593,2.02961876362704,4.19109215860237,0.000118730391491149,0.00417839646978465,0.00381667736210413,"64654/21857/75761/15160/30060/11625/16193/16011/14067/66557/14161/21923/11698/20750/13406/13602/16425/381677/15464/77583/108956/328561/14734/239552/223672/217847/71898/626615/328563",29,"Fgf23,Timp1,Apol7a,Serpind1,Meltf,Ahsg,Il6,Igfbp5,F5,Bpifb2,Fga,Tnc,Ambn,Spp1,Dmp1,Sparcl1,Itih2,Vgf,Hrc,Notum,Apol7c,Apol10b,Gpc3,Apol8,Apol9a,Serpina10,Apol9b,Apol11a,Apol11b"
"R-MMU-2168880","Scavenging of heme from plasma","10/1104","22/8731",0.454545454545455,3.59477931488801,4.63598911550851,0.00015381367490487,0.00521257453844281,0.00476132779237686,"75761/11699/15439/108956/328561/239552/223672/71898/626615/328563",10,"Apol7a,Ambp,Hp,Apol7c,Apol10b,Apol8,Apol9a,Apol9b,Apol11a,Apol11b"
"R-MMU-449147","Signaling by Interleukins","55/1104","271/8731",0.202952029520295,1.60504906679502,3.849504615775,0.00020689137479781,0.00676091456928558,0.00617562975900231,"16818/16189/15162/16160/16192/329244/16153/16187/12981/67603/16163/14281/20963/12504/20112/53603/77125/16193/12362/16174/16182/93672/16184/16176/16175/24110/60504/16190/16165/16186/16154/20203/22324/12703/18707/17096/246779/215274/12702/16367/18413/330496/338374/20849/16185/360198/319150/319148/16068/12983/12984/434341/97908/319152/319153",55,"Lck,Il4,Hck,Il12b,Il5ra,Il19,Il10,Il3,Csf2,Dusp6,Il13,Fos,Syk,Cd4,Rps6ka2,Tslp,Il33,Il6,Casp1,Il18rap,Il18r1,Il24,Il2ra,Il1b,Il1a,Usp18,Il21r,Il4ra,Il13ra2,Il2rg,Il10ra,S100b,Vav1,Socs1,Pik3cd,Lyn,Il27,Il1f10,Socs3,Irs1,Osm,Ifnl2,Ifnl3,Stat4,Il2rb,H3c1,H3c2,H3c3,Il18bp,Csf2rb,Csf2rb2,Nlrc5,H3c8,H3c10,H3c11"
"R-MMU-202427","Phosphorylation of CD3 and TCR zeta chains","7/1104","12/8731",0.583333333333333,4.61330012077295,4.76514483180434,0.000225286314314381,0.00710817164129857,0.00649282517479559,"16818/12502/12504/19264/19260/12501/12500",7,"Lck,Cd3g,Cd4,Ptprc,Ptpn22,Cd3e,Cd3d"
"R-MMU-9913351","Formation of the dystrophin-glycoprotein complex (DGC)","10/1104","23/8731",0.434782608695652,3.43848456206679,4.45491583627557,0.000241501504010949,0.00736579587233394,0.00672814716437521,"13497/20391/22288/13527/16651/11459/24053/13405/11468/11464",10,"Drp2,Sgca,Utrn,Dtna,Sspn,Acta1,Sgcg,Dmd,Actg2,Actc1"
"R-MMU-2424491","DAP12 signaling","11/1104","29/8731",0.379310344827586,2.99978135932034,4.10380541953459,0.000494998926233825,0.0143805473081287,0.0131356394163408,"16818/16822/20963/27007/16643/16641/22177/16797/58179/16642/12010",11,"Lck,Lcp2,Syk,Klrk1,Klrd1,Klrc1,Tyrobp,Lat,Klrc3,Klrc2,B2m"
"R-MMU-451927","Interleukin-2 family signaling","13/1104","38/8731",0.342105263157895,2.7055444317315,4.00852670928532,0.000502926244655868,0.0143805473081287,0.0131356394163408,"16818/16192/16187/12981/20963/16184/60504/16186/18707/20849/16185/12983/12984",13,"Lck,Il5ra,Il3,Csf2,Syk,Il2ra,Il21r,Il2rg,Pik3cd,Stat4,Il2rb,Csf2rb,Csf2rb2"
"R-MMU-112308","Presynaptic depolarization and calcium channel opening","6/1104","10/8731",0.6,4.74510869565217,4.50812624025357,0.000538241871920913,0.014923979175989,0.0136320269953813,"12287/56808/12298/54377/12295/12286",6,"Cacna1b,Cacna2d2,Cacnb4,Cacng4,Cacnb1,Cacna1a"
"R-MMU-418594","G alpha (i) signalling events","53/1104","271/8731",0.195571955719557,1.54668364618429,3.47816620973005,0.000681987529628629,0.0183534879297116,0.016764647013162,"108072/18545/11515/217212/19064/20305/20303/20308/20290/55985/14419/12768/20297/12765/50778/18389/20132/83770/56183/20311/330122/14825/17329/12769/110385/14697/15945/20304/12771/140795/12775/12267/12776/11539/212108/11553/12767/14293/12145/387353/19065/227288/15551/227326/12766/110168/14289/387512/20310/268934/14709/24047/12774",53,"Grm6,Pcp2,Adcy9,Pyy,Ppy,Ccl6,Ccl4,Ccl9,Ccl1,Cxcl13,Gal,Ccr1,Ccl20,Cxcr2,Rgs1,Oprl1,Rrh,Tas1r2,Nmu,Cxcl5,Cxcl3,Cxcl1,Cxcl9,Ccr9,Pde4c,Gnb5,Cxcl10,Ccl5,Ccr3,P2ry14,Ccr7,C3ar1,Ccr8,Adora1,Rln3,Adra2c,Cxcr4,Fpr1,Cxcr5,Tas2r126,Npy4r,Cxcr1,Htr1b,Gpr55,Cxcr3,Gpr18,Fpr2,Tas2r135,Cxcl2,Grm4,Gng8,Ccl19,Ccr5"
"R-MMU-5173105","O-linked glycosylation","25/1104","102/8731",0.245098039215686,1.93836139528275,3.62664268730092,0.000719990223004253,0.018822601544254,0.0171931499869286,"240913/229595/223838/108105/224697/241391/14425/231727/207596/330267/226866/224116/26887/207839/333424/210417/330119/239337/271127/20357/70945/77739/269959/227327/140474",25,"Adamts4,Adamtsl4,Adamts20,B3gnt5,Adamts10,Galnt5,Galnt3,B3gnt4,Thsd4,Thsd7a,Sbspon,Muc20,Chst4,Galnt6,A4gnt,Thsd7b,Adamts3,Adamts12,Adamts16,Sema5b,Mmrn1,Adamtsl1,Adamtsl3,B3gnt7,Muc4"
"R-MMU-3214858","RMTs methylate histone arginines","19/1104","70/8731",0.271428571428571,2.14659679089027,3.66429565819673,0.000819775983409466,0.0208359729116573,0.0190322260475765,"66993/83766/319172/319160/360198/326620/319150/319164/319166/319167/319170/319148/319165/319191/665433/319171/97908/319152/319153",19,"Smarcd3,Actl6b,H2ac4,H4c12,H3c1,H4c2,H3c2,H2ac6,H2ac8,H2ac11,H2ac22,H3c3,H2ac7,H2ac13,H2ac23,H2ac24,H3c8,H3c10,H3c11"
"R-MMU-1296071","Potassium Channels","24/1104","98/8731",0.244897959183673,1.93677905944987,3.54800421253472,0.000923599336679403,0.0228403619746393,0.0208630973918477,"140493/15165/67498/74571/226922/16523/20928/14697/72258/380728/223604/16494/16495/20927/16490/16493/16485/16500/16517/140492/16502/16531/14709/16514",24,"Kcnn3,Hcn1,Kcnv1,Kcnk16,Kcnq5,Kcnj8,Abcc9,Gnb5,Kcnk10,Kcnh4,Kcnk9,Kcna6,Kcna7,Abcc8,Kcna2,Kcna5,Kcna1,Kcnb1,Kcnj16,Kcnn2,Kcnc1,Kcnma1,Gng8,Kcnj11"
"R-MMU-9909505","Modulation of host responses by IFN-stimulated genes","6/1104","11/8731",0.545454545454545,4.31373517786561,4.18379776551835,0.00105768336592427,0.0254679021005448,0.0232631743086944,"56791/99899/74153/100038882/15061/230073",6,"Ube2l6,Ifi44,Uba7,Isg15,Ifi44l,Rigi"
"R-MMU-9841922","MLL4 and MLL3 complexes regulate expression of PPARG target genes in adipogenesis and hepatic steatosis","19/1104","72/8731",0.263888888888889,2.08696910225443,3.52341957596822,0.00118800295821808,0.0271755676692386,0.0248230091796094,"319172/319160/360198/326620/319150/319164/319166/319167/319188/319170/319148/319165/319191/665433/319185/319171/97908/319152/319153",19,"H2ac4,H4c12,H3c1,H4c2,H3c2,H2ac6,H2ac8,H2ac11,H2bc22,H2ac22,H3c3,H2ac7,H2ac13,H2ac23,H2bc13,H2ac24,H3c8,H3c10,H3c11"
"R-MMU-9851695","Epigenetic regulation of adipogenesis genes by MLL3 and MLL4 complexes","19/1104","72/8731",0.263888888888889,2.08696910225443,3.52341957596822,0.00118800295821808,0.0271755676692386,0.0248230091796094,"319172/319160/360198/326620/319150/319164/319166/319167/319188/319170/319148/319165/319191/665433/319185/319171/97908/319152/319153",19,"H2ac4,H4c12,H3c1,H4c2,H3c2,H2ac6,H2ac8,H2ac11,H2bc22,H2ac22,H3c3,H2ac7,H2ac13,H2ac23,H2bc13,H2ac24,H3c8,H3c10,H3c11"
"R-MMU-9818564","Epigenetic regulation of gene expression by MLL3 and MLL4 complexes","20/1104","78/8731",0.256410256410256,2.02782422891119,3.46894637200302,0.00131396342085186,0.0293238178068158,0.026785287706197,"319172/319160/360198/326620/319150/319164/319166/319167/319188/319170/319148/319165/319191/665433/319185/319171/97908/319152/319153/67278",20,"H2ac4,H4c12,H3c1,H4c2,H3c2,H2ac6,H2ac8,H2ac11,H2bc22,H2ac22,H3c3,H2ac7,H2ac13,H2ac23,H2bc13,H2ac24,H3c8,H3c10,H3c11,Pagr1a"
"R-MMU-3000171","Non-integrin membrane-ECM interactions","16/1104","57/8731",0.280701754385965,2.21993389270277,3.51543280812986,0.00140438856116708,0.0305956079397113,0.0279469803901419,"13497/20391/22370/22288/13527/12815/16651/94216/12830/11459/24053/13405/11468/12829/11464/12828",16,"Drp2,Sgca,Vtn,Utrn,Dtna,Col11a2,Sspn,Col4a6,Col4a5,Acta1,Sgcg,Dmd,Actg2,Col4a4,Actc1,Col4a3"
"R-MMU-112315","Transmission across Chemical Synapses","40/1104","199/8731",0.201005025125628,1.58965115432234,3.20118706397972,0.00175836758322558,0.0361261848390789,0.032998781434833,"14395/53623/12287/11515/14401/56808/14394/11448/12298/14406/14799/54377/14813/12295/14409/20112/12322/20510/236915/11447/11435/11438/14397/67111/14412/14812/243616/232333/14396/110637/14697/207777/12286/108015/20979/242443/16517/11472/14709/14415",40,"Gabra2,Gria3,Cacna1b,Adcy9,Gabrb2,Cacna2d2,Gabra1,Chrne,Cacnb4,Gabrg2,Gria1,Cacng4,Grin2c,Cacnb1,Gabrr2,Rps6ka2,Camk2a,Slc1a1,Arhgef9,Chrnd,Chrna1,Chrna4,Gabra4,Naaa,Slc6a13,Grin2b,Slc6a11,Slc6a1,Gabra3,Grik4,Gnb5,Tspoap1,Cacna1a,Chrnb4,Syt1,Grin3a,Kcnj16,Actn2,Gng8,Gad1"
"R-MMU-912526","Interleukin receptor SHC signaling","9/1104","24/8731",0.375,2.96569293478261,3.66861223971679,0.00176864607561822,0.0361261848390789,0.032998781434833,"16192/16187/12981/16184/16186/18707/16185/12983/12984",9,"Il5ra,Il3,Csf2,Il2ra,Il2rg,Pik3cd,Il2rb,Csf2rb,Csf2rb2"
"R-MMU-163125","Post-translational modification: synthesis of GPI-anchored proteins","20/1104","80/8731",0.25,1.97712862318841,3.3402452737958,0.00183243335884125,0.0361261848390789,0.032998781434833,"23833/70163/68453/17069/68311/30060/72585/53614/11647/109978/64931/76509/21683/320840/212518/18793/269295/246256/330908/114654",20,"Cd52,Lypd8,Gpihbp1,Ly6e,Lypd2,Meltf,Lypd1,Reck,Alpl,Art4,Izumo1r,Plet1,Tecta,Negr1,Sprn,Plaur,Rtn4rl2,Fcgr4,Opcml,Ly6g6d"
"R-MMU-8936459","RUNX1 regulates genes involved in megakaryocyte differentiation and platelet function","20/1104","80/8731",0.25,1.97712862318841,3.3402452737958,0.00183243335884125,0.0361261848390789,0.032998781434833,"14460/319172/319160/360198/326620/319150/319164/319166/319167/319188/319170/319148/319165/319191/665433/319185/319171/97908/319152/319153",20,"Gata1,H2ac4,H4c12,H3c1,H4c2,H3c2,H2ac6,H2ac8,H2ac11,H2bc22,H2ac22,H3c3,H2ac7,H2ac13,H2ac23,H2bc13,H2ac24,H3c8,H3c10,H3c11"
"R-MMU-512988","Interleukin-3, Interleukin-5 and GM-CSF signaling","13/1104","43/8731",0.302325581395349,2.39094624199528,3.47855963002305,0.00185566195348274,0.0361261848390789,0.032998781434833,"15162/16192/16187/12981/20963/16184/16186/22324/18707/17096/16185/12983/12984",13,"Hck,Il5ra,Il3,Csf2,Syk,Il2ra,Il2rg,Vav1,Pik3cd,Lyn,Il2rb,Csf2rb,Csf2rb2"
"R-MMU-2187338","Visual phototransduction","21/1104","87/8731",0.241379310344828,1.90895177411294,3.24158843464567,0.00227819776694457,0.043141235484976,0.0394065469946171,"16956/103978/68453/19662/241452/79235/18587/71951/63857/11814/14697/20897/19660/19771/19661/245650/19659/14734/243923/23888/237178",21,"Lpl,Gpc5,Gpihbp1,Rbp4,Dhrs9,Lrat,Pde6b,Gpc2,Bco1,Apoc3,Gnb5,Stra6,Rbp2,Rlbp1,Rbp3,Gucy2f,Rbp1,Gpc3,Rgs9bp,Gpc6,Ppef1"
"R-MMU-8948216","Collagen chain trimerization","12/1104","39/8731",0.307692307692308,2.43338907469342,3.41311813212305,0.00233093699319279,0.043141235484976,0.0394065469946171,"73368/12818/12815/12836/12839/94216/12830/245026/77018/12829/69700/12828",12,"Col20a1,Col14a1,Col11a2,Col7a1,Col9a1,Col4a6,Col4a5,Col6a6,Col25a1,Col4a4,Col22a1,Col4a3"
"R-MMU-2299718","Condensation of Prophase Chromosomes","19/1104","76/8731",0.25,1.97712862318841,3.25491596672143,0.00235744456202055,0.043141235484976,0.0394065469946171,"319172/319160/360198/326620/319150/319164/319166/319167/319188/319170/319148/319165/319191/665433/319185/319171/97908/319152/319153",19,"H2ac4,H4c12,H3c1,H4c2,H3c2,H2ac6,H2ac8,H2ac11,H2bc22,H2ac22,H3c3,H2ac7,H2ac13,H2ac23,H2bc13,H2ac24,H3c8,H3c10,H3c11"
"R-MMU-2672351","Stimuli-sensing channels","22/1104","94/8731",0.234042553191489,1.85092892383595,3.15566242266332,0.00274893719430558,0.0486979262988398,0.0444822013014424,"12372/56843/28240/68279/74568/22368/76757/382427/56532/11419/13830/22065/22066/12723/20190/20277/404545/320091/171209/212989/233246/20192",22,"Casq1,Trpm5,Trpm2,Mcoln2,Mlkl,Trpv2,Trdn,Best3,Ripk3,Asic1,Stom,Trpc3,Trpc4,Clcn1,Ryr1,Scnn1b,Ano7,Ano4,Asic3,Best2,Ano5,Ryr3"
"R-MMU-212300","PRC2 methylates histones and DNA","19/1104","77/8731",0.246753246753247,1.95145162808206,3.19035063029953,0.00276753242354062,0.0486979262988398,0.0444822013014424,"319172/319160/360198/326620/319150/319164/319166/319167/319188/319170/319148/319165/319191/665433/319185/319171/97908/319152/319153",19,"H2ac4,H4c12,H3c1,H4c2,H3c2,H2ac6,H2ac8,H2ac11,H2bc22,H2ac22,H3c3,H2ac7,H2ac13,H2ac23,H2bc13,H2ac24,H3c8,H3c10,H3c11"
